<?xml version="1.0" encoding="utf-8" ?><dwsync><file name="benchmark.html" server="mindware.com.mx//public_html/" local="3539553327" remote="318763443903432912" Dst="-1" /><file name="caching.html" server="mindware.com.mx//public_html/" local="3539553327" remote="318763443903432912" Dst="-1" /><file name="calendar.html" server="mindware.com.mx//public_html/" local="3539553327" remote="318763443903432912" Dst="-1" /><file name="config.html" server="mindware.com.mx//public_html/" local="3539553329" remote="318763443903432912" Dst="-1" /><file name="cart.html" server="mindware.com.mx//public_html/" local="3539553329" remote="318763443903432912" Dst="-1" /><file name="email.html" server="mindware.com.mx//public_html/" local="3539553329" remote="318763443903432912" Dst="-1" /><file name="encrypt.html" server="mindware.com.mx//public_html/" local="3539553330" remote="318763443903432912" Dst="-1" /><file name="encryption.html" server="mindware.com.mx//public_html/" local="3539553330" remote="318763443903432912" Dst="-1" /><file name="file_uploading.html" server="mindware.com.mx//public_html/" local="3539553330" remote="318763443903432912" Dst="-1" /><file name="ftp.html" server="mindware.com.mx//public_html/" local="3539553331" remote="318763443903432912" Dst="-1" /><file name="form_validation.html" server="mindware.com.mx//public_html/" local="3539553331" remote="318763443903432912" Dst="-1" /><file name="image_lib.html" server="mindware.com.mx//public_html/" local="3539553331" remote="318763443903432912" Dst="-1" /><file name="input.html" server="mindware.com.mx//public_html/" local="3539553331" remote="318763443903432912" Dst="-1" /><file name="index.html" server="mindware.com.mx//public_html/" local="3539553331" remote="318763443903432912" Dst="-1" /><file name="language.html" server="mindware.com.mx//public_html/" local="3539553333" remote="318763443903432912" Dst="-1" /><file name="loader.html" server="mindware.com.mx//public_html/" local="3539553333" remote="318763443903432912" Dst="-1" /><file name="javascript.html" server="mindware.com.mx//public_html/" local="3539553333" remote="318763443903432912" Dst="-1" /><file name="migration.html" server="mindware.com.mx//public_html/" local="3539553334" remote="318763443903432912" Dst="-1" /><file name="output.html" server="mindware.com.mx//public_html/" local="3539553334" remote="318763443903432912" Dst="-1" /><file name="pagination.html" server="mindware.com.mx//public_html/" local="3539553334" remote="318763443903432912" Dst="-1" /><file name="parser.html" server="mindware.com.mx//public_html/" local="3539553335" remote="318763443903432912" Dst="-1" /><file name="security.html" server="mindware.com.mx//public_html/" local="3539553335" remote="318763443903432912" Dst="-1" /><file name="sessions.html" server="mindware.com.mx//public_html/" local="3539553336" remote="318763443903432912" Dst="-1" /><file name="table.html" server="mindware.com.mx//public_html/" local="3539553336" remote="318763443903432912" Dst="-1" /><file name="trackback.html" server="mindware.com.mx//public_html/" local="3539553336" remote="318763443903432912" Dst="-1" /><file name="typography.html" server="mindware.com.mx//public_html/" local="3539553337" remote="318763443903432912" Dst="-1" /><file name="unit_testing.html" server="mindware.com.mx//public_html/" local="3539553337" remote="318763443903432912" Dst="-1" /><file name="uri.html" server="mindware.com.mx//public_html/" local="3539553337" remote="318763443903432912" Dst="-1" /><file name="zip.html" server="mindware.com.mx//public_html/" local="3539553338" remote="318763443903432912" Dst="-1" /><file name="xmlrpc.html" server="mindware.com.mx//public_html/" local="3539553338" remote="318763443903432912" Dst="-1" /><file name="user_agent.html" server="mindware.com.mx//public_html/" local="3539553338" remote="318763443903432912" Dst="-1" /></dwsync>