<?xml version="1.0" encoding="utf-8" ?><dwsync><file name="DB.php" server="mindware.com.mx//public_html/" local="3539553170" remote="318763443903432912" Dst="-1" /><file name="DB_cache.php" server="mindware.com.mx//public_html/" local="3539553170" remote="318763443903432912" Dst="-1" /><file name="DB_forge.php" server="mindware.com.mx//public_html/" local="3539553171" remote="318763443903432912" Dst="-1" /><file name="DB_driver.php" server="mindware.com.mx//public_html/" local="3539553171" remote="318763443903432912" Dst="-1" /><file name="DB_query_builder.php" server="mindware.com.mx//public_html/" local="3539553172" remote="318763443903432912" Dst="-1" /><file name="DB_result.php" server="mindware.com.mx//public_html/" local="3539553174" remote="318763443903432912" Dst="-1" /><file name="DB_utility.php" server="mindware.com.mx//public_html/" local="3539553174" remote="318763443903432912" Dst="-1" /><file name="index.html" server="mindware.com.mx//public_html/" local="3539553214" remote="318763443903432912" Dst="-1" /></dwsync>