<?xml version="1.0" encoding="utf-8" ?><dwsync><file name="Benchmark.php" server="mindware.com.mx//public_html/" local="3539553157" remote="318763443903432912" Dst="-1" /><file name="CodeIgniter.php" server="mindware.com.mx//public_html/" local="3539553159" remote="318763443903432912" Dst="-1" /><file name="Common.php" server="mindware.com.mx//public_html/" local="3539553159" remote="318763443903432912" Dst="-1" /><file name="Config.php" server="mindware.com.mx//public_html/" local="3539553159" remote="318763443903432912" Dst="-1" /><file name="Exceptions.php" server="mindware.com.mx//public_html/" local="3539553160" remote="318763443903432912" Dst="-1" /><file name="Controller.php" server="mindware.com.mx//public_html/" local="3539553161" remote="318763443903432912" Dst="-1" /><file name="Hooks.php" server="mindware.com.mx//public_html/" local="3539553161" remote="318763443903432912" Dst="-1" /><file name="Lang.php" server="mindware.com.mx//public_html/" local="3539553162" remote="318763443903432912" Dst="-1" /><file name="Input.php" server="mindware.com.mx//public_html/" local="3539553162" remote="318763443903432912" Dst="-1" /><file name="Loader.php" server="mindware.com.mx//public_html/" local="3539553162" remote="318763443903432912" Dst="-1" /><file name="Log.php" server="mindware.com.mx//public_html/" local="3539553163" remote="318763443903432912" Dst="-1" /><file name="Model.php" server="mindware.com.mx//public_html/" local="3539553163" remote="318763443903432912" Dst="-1" /><file name="Output.php" server="mindware.com.mx//public_html/" local="3539553163" remote="318763443903432912" Dst="-1" /><file name="Router.php" server="mindware.com.mx//public_html/" local="3539553164" remote="318763443903432912" Dst="-1" /><file name="Security.php" server="mindware.com.mx//public_html/" local="3539553164" remote="318763443903432912" Dst="-1" /><file name="URI.php" server="mindware.com.mx//public_html/" local="3539553164" remote="318763443903432912" Dst="-1" /><file name="Utf8.php" server="mindware.com.mx//public_html/" local="3539553166" remote="318763443903432912" Dst="-1" /><file name="index.html" server="mindware.com.mx//public_html/" local="3539553170" remote="318763443903432912" Dst="-1" /></dwsync>