<?xml version="1.0" encoding="utf-8" ?><dwsync><file name="downloads.html" server="mindware.com.mx//public_html/" local="3539553306" remote="318763443903432912" Dst="-1" /><file name="index.html" server="mindware.com.mx//public_html/" local="3539553306" remote="318763443903432912" Dst="-1" /><file name="upgrade_120.html" server="mindware.com.mx//public_html/" local="3539553308" remote="318763443903432912" Dst="-1" /><file name="upgrade_130.html" server="mindware.com.mx//public_html/" local="3539553308" remote="318763443903432912" Dst="-1" /><file name="troubleshooting.html" server="mindware.com.mx//public_html/" local="3539553308" remote="318763443903432912" Dst="-1" /><file name="upgrade_131.html" server="mindware.com.mx//public_html/" local="3539553310" remote="318763443903432912" Dst="-1" /><file name="upgrade_132.html" server="mindware.com.mx//public_html/" local="3539553310" remote="318763443903432912" Dst="-1" /><file name="upgrade_133.html" server="mindware.com.mx//public_html/" local="3539553310" remote="318763443903432912" Dst="-1" /><file name="upgrade_140.html" server="mindware.com.mx//public_html/" local="3539553312" remote="318763443903432912" Dst="-1" /><file name="upgrade_141.html" server="mindware.com.mx//public_html/" local="3539553312" remote="318763443903432912" Dst="-1" /><file name="upgrade_150.html" server="mindware.com.mx//public_html/" local="3539553312" remote="318763443903432912" Dst="-1" /><file name="upgrade_152.html" server="mindware.com.mx//public_html/" local="3539553315" remote="318763443903432912" Dst="-1" /><file name="upgrade_153.html" server="mindware.com.mx//public_html/" local="3539553315" remote="318763443903432912" Dst="-1" /><file name="upgrade_154.html" server="mindware.com.mx//public_html/" local="3539553315" remote="318763443903432912" Dst="-1" /><file name="upgrade_160.html" server="mindware.com.mx//public_html/" local="3539553316" remote="318763443903432912" Dst="-1" /><file name="upgrade_161.html" server="mindware.com.mx//public_html/" local="3539553316" remote="318763443903432912" Dst="-1" /><file name="upgrade_162.html" server="mindware.com.mx//public_html/" local="3539553316" remote="318763443903432912" Dst="-1" /><file name="upgrade_163.html" server="mindware.com.mx//public_html/" local="3539553318" remote="318763443903432912" Dst="-1" /><file name="upgrade_170.html" server="mindware.com.mx//public_html/" local="3539553318" remote="318763443903432912" Dst="-1" /><file name="upgrade_171.html" server="mindware.com.mx//public_html/" local="3539553318" remote="318763443903432912" Dst="-1" /><file name="upgrade_172.html" server="mindware.com.mx//public_html/" local="3539553319" remote="318763443903432912" Dst="-1" /><file name="upgrade_200.html" server="mindware.com.mx//public_html/" local="3539553319" remote="318763443903432912" Dst="-1" /><file name="upgrade_201.html" server="mindware.com.mx//public_html/" local="3539553319" remote="318763443903432912" Dst="-1" /><file name="upgrade_202.html" server="mindware.com.mx//public_html/" local="3539553321" remote="318763443903432912" Dst="-1" /><file name="upgrade_203.html" server="mindware.com.mx//public_html/" local="3539553321" remote="318763443903432912" Dst="-1" /><file name="upgrade_210.html" server="mindware.com.mx//public_html/" local="3539553321" remote="318763443903432912" Dst="-1" /><file name="upgrade_211.html" server="mindware.com.mx//public_html/" local="3539553323" remote="318763443903432912" Dst="-1" /><file name="upgrade_212.html" server="mindware.com.mx//public_html/" local="3539553323" remote="318763443903432912" Dst="-1" /><file name="upgrade_213.html" server="mindware.com.mx//public_html/" local="3539553323" remote="318763443903432912" Dst="-1" /><file name="upgrade_214.html" server="mindware.com.mx//public_html/" local="3539553325" remote="318763443903432912" Dst="-1" /><file name="upgrade_220.html" server="mindware.com.mx//public_html/" local="3539553325" remote="318763443903432912" Dst="-1" /><file name="upgrade_221.html" server="mindware.com.mx//public_html/" local="3539553325" remote="318763443903432912" Dst="-1" /><file name="upgrade_b11.html" server="mindware.com.mx//public_html/" local="3539553326" remote="318763443903432912" Dst="-1" /><file name="upgrade_300.html" server="mindware.com.mx//public_html/" local="3539553326" remote="318763443903432912" Dst="-1" /><file name="upgrading.html" server="mindware.com.mx//public_html/" local="3539553326" remote="318763443903432912" Dst="-1" /></dwsync>