<?xml version="1.0" encoding="utf-8" ?><dwsync><file name="caching.html" server="mindware.com.mx//public_html/" local="3539553271" remote="318763443903432912" Dst="-1" /><file name="call_function.html" server="mindware.com.mx//public_html/" local="3539553272" remote="318763443903432912" Dst="-1" /><file name="configuration.html" server="mindware.com.mx//public_html/" local="3539553272" remote="318763443903432912" Dst="-1" /><file name="connecting.html" server="mindware.com.mx//public_html/" local="3539553273" remote="318763443903432912" Dst="-1" /><file name="db_driver_reference.html" server="mindware.com.mx//public_html/" local="3539553273" remote="318763443903432912" Dst="-1" /><file name="examples.html" server="mindware.com.mx//public_html/" local="3539553274" remote="318763443903432912" Dst="-1" /><file name="forge.html" server="mindware.com.mx//public_html/" local="3539553274" remote="318763443903432912" Dst="-1" /><file name="helpers.html" server="mindware.com.mx//public_html/" local="3539553274" remote="318763443903432912" Dst="-1" /><file name="index.html" server="mindware.com.mx//public_html/" local="3539553276" remote="318763443903432912" Dst="-1" /><file name="metadata.html" server="mindware.com.mx//public_html/" local="3539553276" remote="318763443903432912" Dst="-1" /><file name="queries.html" server="mindware.com.mx//public_html/" local="3539553276" remote="318763443903432912" Dst="-1" /><file name="results.html" server="mindware.com.mx//public_html/" local="3539553277" remote="318763443903432912" Dst="-1" /><file name="query_builder.html" server="mindware.com.mx//public_html/" local="3539553277" remote="318763443903432912" Dst="-1" /><file name="transactions.html" server="mindware.com.mx//public_html/" local="3539553277" remote="318763443903432912" Dst="-1" /><file name="utilities.html" server="mindware.com.mx//public_html/" local="3539553278" remote="318763443903432912" Dst="-1" /></dwsync>