<?xml version="1.0" encoding="utf-8" ?><dwsync><file name="Calendar.php" server="mindware.com.mx//public_html/" local="3539553236" remote="318763443903432912" Dst="-1" /><file name="Cart.php" server="mindware.com.mx//public_html/" local="3539553236" remote="318763443903432912" Dst="-1" /><file name="Driver.php" server="mindware.com.mx//public_html/" local="3539553236" remote="318763443903432912" Dst="-1" /><file name="Encrypt.php" server="mindware.com.mx//public_html/" local="3539553237" remote="318763443903432912" Dst="-1" /><file name="Encryption.php" server="mindware.com.mx//public_html/" local="3539553237" remote="318763443903432912" Dst="-1" /><file name="Email.php" server="mindware.com.mx//public_html/" local="3539553237" remote="318763443903432912" Dst="-1" /><file name="Ftp.php" server="mindware.com.mx//public_html/" local="3539553239" remote="318763443903432912" Dst="-1" /><file name="Form_validation.php" server="mindware.com.mx//public_html/" local="3539553239" remote="318763443903432912" Dst="-1" /><file name="Image_lib.php" server="mindware.com.mx//public_html/" local="3539553239" remote="318763443903432912" Dst="-1" /><file name="Javascript.php" server="mindware.com.mx//public_html/" local="3539553240" remote="318763443903432912" Dst="-1" /><file name="Migration.php" server="mindware.com.mx//public_html/" local="3539553242" remote="318763443903432912" Dst="-1" /><file name="Pagination.php" server="mindware.com.mx//public_html/" local="3539553242" remote="318763443903432912" Dst="-1" /><file name="Parser.php" server="mindware.com.mx//public_html/" local="3539553242" remote="318763443903432912" Dst="-1" /><file name="Profiler.php" server="mindware.com.mx//public_html/" local="3539553243" remote="318763443903432912" Dst="-1" /><file name="Table.php" server="mindware.com.mx//public_html/" local="3539553247" remote="318763443903432912" Dst="-1" /><file name="Trackback.php" server="mindware.com.mx//public_html/" local="3539553247" remote="318763443903432912" Dst="-1" /><file name="Unit_test.php" server="mindware.com.mx//public_html/" local="3539553249" remote="318763443903432912" Dst="-1" /><file name="Upload.php" server="mindware.com.mx//public_html/" local="3539553249" remote="318763443903432912" Dst="-1" /><file name="Typography.php" server="mindware.com.mx//public_html/" local="3539553249" remote="318763443903432912" Dst="-1" /><file name="User_agent.php" server="mindware.com.mx//public_html/" local="3539553251" remote="318763443903432912" Dst="-1" /><file name="Xmlrpc.php" server="mindware.com.mx//public_html/" local="3539553251" remote="318763443903432912" Dst="-1" /><file name="Xmlrpcs.php" server="mindware.com.mx//public_html/" local="3539553251" remote="318763443903432912" Dst="-1" /><file name="Zip.php" server="mindware.com.mx//public_html/" local="3539553253" remote="318763443903432912" Dst="-1" /><file name="index.html" server="mindware.com.mx//public_html/" local="3539553253" remote="318763443903432912" Dst="-1" /></dwsync>