<?xml version="1.0" encoding="utf-8" ?><dwsync><file name="array_helper.html" server="mindware.com.mx//public_html/" local="3539553295" remote="318763443903432912" Dst="-1" /><file name="captcha_helper.html" server="mindware.com.mx//public_html/" local="3539553295" remote="318763443903432912" Dst="-1" /><file name="directory_helper.html" server="mindware.com.mx//public_html/" local="3539553296" remote="318763443903432912" Dst="-1" /><file name="date_helper.html" server="mindware.com.mx//public_html/" local="3539553296" remote="318763443903432912" Dst="-1" /><file name="cookie_helper.html" server="mindware.com.mx//public_html/" local="3539553296" remote="318763443903432912" Dst="-1" /><file name="email_helper.html" server="mindware.com.mx//public_html/" local="3539553297" remote="318763443903432912" Dst="-1" /><file name="file_helper.html" server="mindware.com.mx//public_html/" local="3539553297" remote="318763443903432912" Dst="-1" /><file name="download_helper.html" server="mindware.com.mx//public_html/" local="3539553297" remote="318763443903432912" Dst="-1" /><file name="index.html" server="mindware.com.mx//public_html/" local="3539553298" remote="318763443903432912" Dst="-1" /><file name="html_helper.html" server="mindware.com.mx//public_html/" local="3539553298" remote="318763443903432912" Dst="-1" /><file name="form_helper.html" server="mindware.com.mx//public_html/" local="3539553299" remote="318763443903432912" Dst="-1" /><file name="language_helper.html" server="mindware.com.mx//public_html/" local="3539553299" remote="318763443903432912" Dst="-1" /><file name="inflector_helper.html" server="mindware.com.mx//public_html/" local="3539553299" remote="318763443903432912" Dst="-1" /><file name="path_helper.html" server="mindware.com.mx//public_html/" local="3539553300" remote="318763443903432912" Dst="-1" /><file name="security_helper.html" server="mindware.com.mx//public_html/" local="3539553300" remote="318763443903432912" Dst="-1" /><file name="number_helper.html" server="mindware.com.mx//public_html/" local="3539553300" remote="318763443903432912" Dst="-1" /><file name="smiley_helper.html" server="mindware.com.mx//public_html/" local="3539553302" remote="318763443903432912" Dst="-1" /><file name="string_helper.html" server="mindware.com.mx//public_html/" local="3539553302" remote="318763443903432912" Dst="-1" /><file name="text_helper.html" server="mindware.com.mx//public_html/" local="3539553302" remote="318763443903432912" Dst="-1" /><file name="typography_helper.html" server="mindware.com.mx//public_html/" local="3539553304" remote="318763443903432912" Dst="-1" /><file name="xml_helper.html" server="mindware.com.mx//public_html/" local="3539553304" remote="318763443903432912" Dst="-1" /><file name="url_helper.html" server="mindware.com.mx//public_html/" local="3539553304" remote="318763443903432912" Dst="-1" /></dwsync>