<?xml version="1.0" encoding="utf-8" ?><dwsync><file name="DCO.html" server="mindware.com.mx//public_html/" local="3539553253" remote="318763443903432912" Dst="-1" /><file name="changelog.html" server="mindware.com.mx//public_html/" local="3539553273" remote="318763443903432912" Dst="-1" /><file name="genindex.html" server="mindware.com.mx//public_html/" local="3539553295" remote="318763443903432912" Dst="-1" /><file name="index.html" server="mindware.com.mx//public_html/" local="3539553306" remote="318763443903432912" Dst="-1" /><file name="objects.inv" server="mindware.com.mx//public_html/" local="3539553339" remote="318763443903432912" Dst="-1" /><file name="license.html" server="mindware.com.mx//public_html/" local="3539553339" remote="318763443903432912" Dst="-1" /><file name="search.html" server="mindware.com.mx//public_html/" local="3539553343" remote="318763443903432912" Dst="-1" /><file name="searchindex.js" server="mindware.com.mx//public_html/" local="3539553345" remote="318763443903432912" Dst="-1" /></dwsync>