<?xml version="1.0" encoding="utf-8" ?><dwsync><file name="index.html" server="mindware.com.mx//public_html/" local="3539553195" remote="318763443903432912" Dst="-1" /><file name="pdo_4d_driver.php" server="mindware.com.mx//public_html/" local="3539553195" remote="318763443903432912" Dst="-1" /><file name="pdo_cubrid_driver.php" server="mindware.com.mx//public_html/" local="3539553196" remote="318763443903432912" Dst="-1" /><file name="pdo_cubrid_forge.php" server="mindware.com.mx//public_html/" local="3539553196" remote="318763443903432912" Dst="-1" /><file name="pdo_4d_forge.php" server="mindware.com.mx//public_html/" local="3539553196" remote="318763443903432912" Dst="-1" /><file name="pdo_dblib_forge.php" server="mindware.com.mx//public_html/" local="3539553197" remote="318763443903432912" Dst="-1" /><file name="pdo_firebird_driver.php" server="mindware.com.mx//public_html/" local="3539553197" remote="318763443903432912" Dst="-1" /><file name="pdo_dblib_driver.php" server="mindware.com.mx//public_html/" local="3539553197" remote="318763443903432912" Dst="-1" /><file name="pdo_firebird_forge.php" server="mindware.com.mx//public_html/" local="3539553199" remote="318763443903432912" Dst="-1" /><file name="pdo_ibm_driver.php" server="mindware.com.mx//public_html/" local="3539553199" remote="318763443903432912" Dst="-1" /><file name="pdo_ibm_forge.php" server="mindware.com.mx//public_html/" local="3539553199" remote="318763443903432912" Dst="-1" /><file name="pdo_informix_driver.php" server="mindware.com.mx//public_html/" local="3539553200" remote="318763443903432912" Dst="-1" /><file name="pdo_informix_forge.php" server="mindware.com.mx//public_html/" local="3539553200" remote="318763443903432912" Dst="-1" /><file name="pdo_mysql_driver.php" server="mindware.com.mx//public_html/" local="3539553200" remote="318763443903432912" Dst="-1" /><file name="pdo_mysql_forge.php" server="mindware.com.mx//public_html/" local="3539553202" remote="318763443903432912" Dst="-1" /><file name="pdo_oci_driver.php" server="mindware.com.mx//public_html/" local="3539553202" remote="318763443903432912" Dst="-1" /><file name="pdo_oci_forge.php" server="mindware.com.mx//public_html/" local="3539553202" remote="318763443903432912" Dst="-1" /><file name="pdo_odbc_forge.php" server="mindware.com.mx//public_html/" local="3539553203" remote="318763443903432912" Dst="-1" /><file name="pdo_pgsql_driver.php" server="mindware.com.mx//public_html/" local="3539553203" remote="318763443903432912" Dst="-1" /><file name="pdo_odbc_driver.php" server="mindware.com.mx//public_html/" local="3539553203" remote="318763443903432912" Dst="-1" /><file name="pdo_pgsql_forge.php" server="mindware.com.mx//public_html/" local="3539553205" remote="318763443903432912" Dst="-1" /><file name="pdo_sqlite_driver.php" server="mindware.com.mx//public_html/" local="3539553205" remote="318763443903432912" Dst="-1" /><file name="pdo_sqlite_forge.php" server="mindware.com.mx//public_html/" local="3539553205" remote="318763443903432912" Dst="-1" /><file name="pdo_sqlsrv_driver.php" server="mindware.com.mx//public_html/" local="3539553207" remote="318763443903432912" Dst="-1" /><file name="pdo_sqlsrv_forge.php" server="mindware.com.mx//public_html/" local="3539553207" remote="318763443903432912" Dst="-1" /></dwsync>