<?xml version="1.0" encoding="utf-8" ?><dwsync><file name="ajax-loader.gif" server="mindware.com.mx//public_html/" local="3539553256" remote="318763443903432912" Dst="-1" /><file name="basic.css" server="mindware.com.mx//public_html/" local="3539553256" remote="318763443903432912" Dst="-1" /><file name="ci-icon.ico" server="mindware.com.mx//public_html/" local="3539553256" remote="318763443903432912" Dst="-1" /><file name="comment-close.png" server="mindware.com.mx//public_html/" local="3539553257" remote="318763443903432912" Dst="-1" /><file name="comment-bright.png" server="mindware.com.mx//public_html/" local="3539553257" remote="318763443903432912" Dst="-1" /><file name="comment.png" server="mindware.com.mx//public_html/" local="3539553257" remote="318763443903432912" Dst="-1" /><file name="doctools.js" server="mindware.com.mx//public_html/" local="3539553259" remote="318763443903432912" Dst="-1" /><file name="down.png" server="mindware.com.mx//public_html/" local="3539553260" remote="318763443903432912" Dst="-1" /><file name="down-pressed.png" server="mindware.com.mx//public_html/" local="3539553260" remote="318763443903432912" Dst="-1" /><file name="file.png" server="mindware.com.mx//public_html/" local="3539553260" remote="318763443903432912" Dst="-1" /><file name="jquery.js" server="mindware.com.mx//public_html/" local="3539553264" remote="318763443903432912" Dst="-1" /><file name="minus.png" server="mindware.com.mx//public_html/" local="3539553266" remote="318763443903432912" Dst="-1" /><file name="plus.png" server="mindware.com.mx//public_html/" local="3539553266" remote="318763443903432912" Dst="-1" /><file name="pygments.css" server="mindware.com.mx//public_html/" local="3539553267" remote="318763443903432912" Dst="-1" /><file name="searchtools.js" server="mindware.com.mx//public_html/" local="3539553267" remote="318763443903432912" Dst="-1" /><file name="underscore.js" server="mindware.com.mx//public_html/" local="3539553267" remote="318763443903432912" Dst="-1" /><file name="up-pressed.png" server="mindware.com.mx//public_html/" local="3539553268" remote="318763443903432912" Dst="-1" /><file name="up.png" server="mindware.com.mx//public_html/" local="3539553268" remote="318763443903432912" Dst="-1" /><file name="websupport.js" server="mindware.com.mx//public_html/" local="3539553268" remote="318763443903432912" Dst="-1" /></dwsync>