<?xml version="1.0" encoding="utf-8" ?><dwsync><file name="alternative_php.html" server="mindware.com.mx//public_html/" local="3539553278" remote="318763443903432912" Dst="-1" /><file name="autoloader.html" server="mindware.com.mx//public_html/" local="3539553280" remote="318763443903432912" Dst="-1" /><file name="caching.html" server="mindware.com.mx//public_html/" local="3539553280" remote="318763443903432912" Dst="-1" /><file name="ancillary_classes.html" server="mindware.com.mx//public_html/" local="3539553280" remote="318763443903432912" Dst="-1" /><file name="cli.html" server="mindware.com.mx//public_html/" local="3539553282" remote="318763443903432912" Dst="-1" /><file name="common_functions.html" server="mindware.com.mx//public_html/" local="3539553282" remote="318763443903432912" Dst="-1" /><file name="compatibility_functions.html" server="mindware.com.mx//public_html/" local="3539553282" remote="318763443903432912" Dst="-1" /><file name="core_classes.html" server="mindware.com.mx//public_html/" local="3539553284" remote="318763443903432912" Dst="-1" /><file name="controllers.html" server="mindware.com.mx//public_html/" local="3539553284" remote="318763443903432912" Dst="-1" /><file name="creating_drivers.html" server="mindware.com.mx//public_html/" local="3539553284" remote="318763443903432912" Dst="-1" /><file name="credits.html" server="mindware.com.mx//public_html/" local="3539553285" remote="318763443903432912" Dst="-1" /><file name="creating_libraries.html" server="mindware.com.mx//public_html/" local="3539553285" remote="318763443903432912" Dst="-1" /><file name="drivers.html" server="mindware.com.mx//public_html/" local="3539553285" remote="318763443903432912" Dst="-1" /><file name="environments.html" server="mindware.com.mx//public_html/" local="3539553288" remote="318763443903432912" Dst="-1" /><file name="errors.html" server="mindware.com.mx//public_html/" local="3539553288" remote="318763443903432912" Dst="-1" /><file name="helpers.html" server="mindware.com.mx//public_html/" local="3539553288" remote="318763443903432912" Dst="-1" /><file name="hooks.html" server="mindware.com.mx//public_html/" local="3539553289" remote="318763443903432912" Dst="-1" /><file name="index.html" server="mindware.com.mx//public_html/" local="3539553289" remote="318763443903432912" Dst="-1" /><file name="libraries.html" server="mindware.com.mx//public_html/" local="3539553289" remote="318763443903432912" Dst="-1" /><file name="managing_apps.html" server="mindware.com.mx//public_html/" local="3539553291" remote="318763443903432912" Dst="-1" /><file name="models.html" server="mindware.com.mx//public_html/" local="3539553291" remote="318763443903432912" Dst="-1" /><file name="profiling.html" server="mindware.com.mx//public_html/" local="3539553291" remote="318763443903432912" Dst="-1" /><file name="requirements.html" server="mindware.com.mx//public_html/" local="3539553292" remote="318763443903432912" Dst="-1" /><file name="reserved_names.html" server="mindware.com.mx//public_html/" local="3539553292" remote="318763443903432912" Dst="-1" /><file name="routing.html" server="mindware.com.mx//public_html/" local="3539553292" remote="318763443903432912" Dst="-1" /><file name="security.html" server="mindware.com.mx//public_html/" local="3539553293" remote="318763443903432912" Dst="-1" /><file name="styleguide.html" server="mindware.com.mx//public_html/" local="3539553293" remote="318763443903432912" Dst="-1" /><file name="urls.html" server="mindware.com.mx//public_html/" local="3539553293" remote="318763443903432912" Dst="-1" /><file name="welcome.html" server="mindware.com.mx//public_html/" local="3539553294" remote="318763443903432912" Dst="-1" /><file name="views.html" server="mindware.com.mx//public_html/" local="3539553294" remote="318763443903432912" Dst="-1" /></dwsync>